area_sqft,bedrooms,age_years,price
767,3,4,3300000
2821,4,17,9953000
2463,4,2,8935000
1816,3,19,6762000
1799,5,18,6909000
3075,3,2,10609000
757,1,22,2969000
2592,4,12,9325000
1104,3,23,4500000
782,4,1,3545000
2079,3,5,7287000
3426,3,14,11535000
2707,1,5,9368000
2783,3,9,9964000
2652,4,19,9394000
2858,2,4,9730000
2039,4,20,7674000
884,1,3,3129000
3019,2,5,10164000
1851,3,17,6783000
2001,5,23,7441000
1612,2,5,5795000
1047,2,8,3950000
3280,3,27,11265000
2844,5,29,10381000
2431,5,17,8916000
1707,1,13,5980000
2968,2,10,9805000
2136,5,18,7947000
1830,1,17,6133000
1851,5,8,6904000
1181,2,0,4307000
776,5,4,3615000
2163,2,28,7593000
3163,3,12,10709000
691,4,14,3173000
3074,1,14,10181000
2982,3,23,10230000
1330,3,1,5242000
2394,4,2,8753000
995,5,8,4549000
2774,4,14,9811000
2601,3,20,8969000
1563,3,14,5745000
703,3,13,3067000
3412,5,28,12019000
1837,2,4,6358000
3179,1,17,10590000
2533,2,16,8728000
2835,1,14,9867000
2779,1,24,9546000
1083,1,8,3782000
1591,4,28,5942000
1900,4,9,6840000
1993,4,16,7237000
631,3,15,2839000
2139,4,25,7933000
962,1,13,3391000
2730,5,8,9802000
2549,3,0,8675000
3267,5,10,11585000
2734,1,24,8961000
1599,3,0,5877000
3402,4,26,11658000
1732,3,16,6296000
1477,3,4,5285000
3216,1,9,10511000
1611,2,16,6063000
729,2,9,2759000
1908,2,3,6588000
2887,4,19,10448000
1068,4,20,4783000
1888,4,3,6872000
889,2,8,3414000
2559,5,7,9409000
1927,1,19,6820000
1490,2,21,5185000
1180,1,21,4125000
2193,2,28,7668000
2509,5,23,9191000
3320,2,9,11187000
1811,5,3,6962000
982,3,18,3695000
2998,4,27,10456000
2389,3,29,8314000
2600,2,6,8988000
791,4,7,3436000
1437,5,1,5865000
2803,2,4,9764000
2996,4,16,10559000
1805,2,16,6417000
2914,4,11,10303000
3025,4,9,10660000
1662,3,24,5942000
3194,4,13,11230000
1364,2,24,4902000
1218,1,28,4566000
2547,1,9,8826000
2410,3,6,8583000
919,5,28,3900000
2998,1,19,9821000
1099,3,8,4499000
2914,4,18,10303000
522,2,15,2335000
2890,4,27,9885000
2860,2,7,9920000
2841,5,29,10229000
2494,3,28,8528000
1914,3,5,6872000
2615,1,4,8870000
1331,3,15,5040000
2842,5,1,10246000
2166,1,8,7360000
1876,4,13,6927000
2016,3,29,7184000
2206,4,29,8169000
611,4,4,2572000
919,3,26,3628000
1236,2,2,4633000
843,4,22,3663000
