annual_income_k,spending_score
87.8,80.4
13.1,27.7
29.8,75.9
18.6,26.5
1,16.6
29.0,76.2
85.8,80.3
22.4,25.8
55.7,48.7
21.8,73.6
92.0,93.6
52.8,60.3
19.0,19.8
29.5,73.3
33.5,20.8
52.6,48.1
77.1,23.9
29.9,24.3
48.1,51.9
18.9,90.3
20.6,86.8
77.6,15.2
58.9,48.3
28.7,83.1
57.7,41.7
73.6,11.6
94.2,11.2
54.1,50.0
85.3,90.3
27.5,76.8
23.5,12.7
87.2,11.0
87.0,99.0
78.7,25.9
85.5,75.7
92.8,89.3
46.6,62.4
53.4,56.7
79.1,10.4
62.5,50.0
83.5,6.7
45.7,49.3
55.6,54.9
25.0,74.7
21.7,99.7
29.1,90.0
78.6,90.8
22.5,84.9
16.6,19.2
89.8,70.1
53.3,35.3
46.9,53.3
63.9,51.3
84.8,90.6
84.2,90.9
80.4,2.3
87.2,6.6
61.8,62.0
25.6,10.1
96.8,9.5
25.0,90.1
90.2,74.6
77.2,84.8
83.6,86.8
84.9,8.7
97.1,81.9
98.4,76.9
56.1,59.7
11.9,72.5
26.9,90.2
84.2,19.0
19.3,81.7
15.7,19.2
20.7,13.0
25.2,83.2
22.8,79.6
59.2,54.8
17.1,25.4
59.8,45.2
95.8,8.8
85.9,1
27.3,83.1
64.5,50.4
84.5,1
57.6,44.8
13.0,29.2
25.3,9.3
14.8,20.9
82.8,17.1
80.2,17.9
30.9,89.2
88.8,20.5
22.7,30.4
22.7,19.3
97.2,76.7
58.0,50.3
90.2,87.8
28.2,22.5
94.3,85.4
84.3,89.0
22.0,10.2
19.5,17.1
17.6,71.3
26.2,72.2
78.1,21.2
55.4,48.3
22.9,32.6
87.7,83.2
9.7,26.1
98.1,70.9
89.5,15.6
22.5,14.8
23.0,80.8
92.6,74.0
29.7,19.6
22.3,17.9
82.0,69.8
27.0,74.0
25.0,81.6
91.9,65.6
88.7,18.9
86.7,93.3
79.0,10.0
20.0,18.0
88.6,70.4
94.0,85.4
23.4,82.9
19.0,18.2
76.0,14.3
27.0,21.6
25.3,81.0
96.7,90.6
61.8,50.0
79.4,19.0
60.8,49.4
96.6,17.3
58.6,36.0
75.4,5.4
77.1,14.7
62.4,59.0
87.3,67.6
17.9,24.4
93.8,86.2
48.4,50.1
84.4,83.6
21.3,23.2
53.6,46.1
83.1,20.1
2.4,22.3
93.9,19.3
84.3,13.7
58.7,33.8
88.1,97.9
79.8,10.3
58.1,46.2
31.3,10.4
55.5,50.8
27.9,68.9
22.9,21.6
25.2,23.1
20.5,20.2
51.4,43.7
32.1,78.6
91.0,7.1
18.7,70.4
28.7,87.9
49.1,40.1
12.4,75.5
22.0,78.4
51.1,48.8
82.5,31.0
28.8,80.7
22.8,83.8
83.2,82.2
85.1,78.2
82.8,11.6
60.0,57.2
91.6,82.6
83.0,78.0
95.2,79.7
20.0,20.9
31.3,79.5
99.7,10.0
50.2,47.3
22.0,80.8
21.7,22.6
57.1,32.8
15.1,97.1
27.0,78.9
55.1,48.2
21.9,13.0
97.7,87.6
62.8,57.1
88.4,86.8
27.2,25.1
83.5,17.9
76.7,18.7
87.5,24.3
33.7,78.6
90.1,24.0
