hours_studied,attendance_percent,passed
1.68,70.5,1
5.73,64.24,1
5.0,68.45,1
2.79,47.15,1
4.41,48.05,0
4.4,56.68,0
3.93,58.28,0
4.55,65.67,1
8.23,76.66,0
3.56,78.08,1
11.39,64.71,1
11.0,64.53,1
5.77,53.06,1
3.94,75.3,1
6.43,59.02,1
10.18,42.16,0
7.83,65.1,1
9.65,68.45,1
6.39,53.54,0
7.6,74.35,1
3.46,73.95,1
8.82,82.12,1
2.43,78.88,0
8.34,79.15,1
10.33,58.97,1
1.59,87.25,0
7.37,72.95,1
1.14,65.89,1
8.71,77.56,1
1.01,61.64,0
11.23,70.76,1
1.65,84.2,1
11.51,93.18,1
9.61,95.26,1
7.12,70.22,1
9.39,71.22,1
9.54,87.99,1
11.35,58.87,1
3.04,90.24,1
7.08,69.65,1
1.14,46.95,0
7.39,44.32,1
2.06,90.52,1
6.78,43.33,0
6.87,56.84,1
5.59,60.05,1
6.27,50.38,1
9.17,58.83,1
9.59,84.56,1
5.91,40.88,0
7.2,89.63,1
11.17,91.39,1
1.44,62.34,0
1.41,49.22,0
1.05,76.05,1
7.89,47.18,0
5.02,61.9,1
9.29,97.51,1
8.05,99.73,1
4.0,86.33,0
10.78,58.66,1
9.15,81.26,1
3.25,82.32,0
4.37,63.27,0
3.77,78.45,1
1.89,40.64,0
1.77,52.54,0
11.23,71.51,1
5.25,49.83,0
4.6,49.95,0
8.76,90.18,1
6.64,99.35,1
11.23,73.36,1
9.36,90.34,1
5.75,99.42,1
4.52,48.5,1
11.84,66.89,1
8.61,63.55,1
11.41,44.8,1
1.42,85.32,0
10.21,66.03,1
7.64,68.16,0
1.46,49.04,0
7.06,50.86,1
8.23,94.43,1
0.15,42.68,0
5.45,53.97,1
9.9,57.52,1
3.54,69.41,0
5.5,75.19,0
5.31,69.6,1
3.62,45.05,0
11.02,54.62,1
9.38,90.62,1
1.33,78.26,1
11.96,78.95,1
10.55,80.21,1
3.41,85.77,0
10.04,43.49,1
1.28,62.0,1
11.99,72.37,1
7.99,60.31,0
7.8,90.67,1
1.09,68.95,1
10.76,86.12,1
0.35,91.12,1
2.89,70.29,0
1.72,94.57,1
9.32,75.23,1
2.38,91.02,1
10.93,60.44,1
7.88,69.93,1
0.43,71.88,0
0.07,46.3,0
0.62,63.91,0
7.27,95.04,1
9.62,77.85,1
2.86,50.65,0
10.19,60.33,0
0.69,51.5,0
9.61,41.49,0
11.13,95.65,1
9.27,66.89,1
8.38,58.45,1
10.06,75.91,1
0.48,40.44,0
2.42,56.68,1
1.5,82.18,0
6.05,78.03,1
8.94,98.91,1
7.56,77.22,1
10.21,68.65,1
1.86,85.69,1
8.82,94.2,1
2.32,83.24,0
3.25,97.79,0
8.52,86.92,1
11.76,92.01,1
7.34,46.85,1
0.65,83.94,0
7.4,66.41,1
0.51,73.19,1
10.61,79.25,1
8.51,98.19,1
2.08,99.07,0
1.1,57.29,0
2.2,84.03,1
11.76,85.0,1
5.5,60.79,1
9.41,47.43,1
7.64,42.46,1
6.87,86.64,1
1.74,69.38,0
11.35,99.13,1
3.62,67.9,0
6.94,98.68,1
8.4,64.69,1
7.79,87.62,1
11.29,45.09,1
1.78,73.33,1
